<?xml version="1.0" encoding="utf-8"?>
<aap>
    <tasklist>
        <initialisation>
            <module><name>aamod_checkparameters</name></module>
            <module><name>aamod_evaluatesubjectnames</name></module>
            <module><name>aamod_study_init</name></module>
            <module><name>aamod_newsubj_init</name></module>
        </initialisation>
        <main>
            <!-- Data -->
            <module><name>aamod_autoidentifyseries_timtrio</name></module>
            <module><name>aamod_get_dicom_structural</name></module>
            <module><name>aamod_get_dicom_epi</name></module>
            <module><name>aamod_get_dicom_fieldmap</name></module>
            <module><name>aamod_convert_structural</name></module>
            <module><name>aamod_convert_epis</name></module>
            <module><name>aamod_convert_fieldmaps</name></module>
            
            <!-- Structural -->
            <module><name>aamod_biascorrect_structural</name></module>
            <module><name>aamod_coreg_extended_1</name></module>

            <module><name>aamod_freesurfer_initialise</name></module>
            <module><name>aamod_freesurfer_autorecon_all</name></module>

            <module><name>aamod_segment8_multichan</name></module>
            <module><name>aamod_structuralstats</name></module>
            <module><name>aamod_dartel_createtemplate</name></module>
            <module><name>aamod_dartel_normmni</name></module>
            <module><name>aamod_normalisebytotalgrey</name></module>
            <module><name>aamod_roi_extract_structural</name></module>
            <module><name>aamod_roi_valid_structural</name></module>

            <module><name>aamod_dartel_norm_write</name></module>

            <!-- Functional -->
            <module><name>aamod_fieldmap2VDM</name></module>
            <module><name>aamod_tsdiffana</name></module>
            <module><name>aamod_realignunwarp</name></module>
            <module><name>aamod_slicetiming</name></module>
            <module><name>aamod_tsdiffana</name></module>
            <module><name>aamod_coreg_extended_2epi</name></module>
            <module><name>aamod_norm_write_dartel</name></module>
            <module><name>aamod_norm_write_meanepi_dartel</name></module>
            <module><name>aamod_tsdiffana</name></module>
            <module><name>aamod_smooth</name></module>
            <module><name>aamod_tsdiffana</name></module>

			<module><name>aamod_roi_extract_epi</name></module>
            <module><name>aamod_roi_valid_epi</name></module>
			
            <!-- Modelling -->
            <module><name>aamod_firstlevel_model</name></module>
            <module><name>aamod_firstlevel_contrasts</name></module>
            <module><name>aamod_firstlevel_threshold</name></module>
            <module><name>aamod_firstlevel_threshold_register2FS</name></module>

            <module><name>aamod_secondlevel_model</name></module>
            <module><name>aamod_secondlevel_contrasts</name></module>
            <module><name>aamod_secondlevel_threshold</name></module>
            <module><name>aamod_secondlevel_threshold_register2FS</name></module>

            <module><name>aamod_rois_dartel_denormepi</name></module>
        </main>
    </tasklist>
</aap>