<aap>
    <tasklist>
        <initialisation>
            <module><name>aamod_checkparameters</name></module> 
            <module><name>aamod_evaluatesubjectnames</name></module>
            <module><name>aamod_study_init</name></module>
            <module><name>aamod_newsubj_init</name></module>
        </initialisation>
        <main>
            <module><name>aamod_meg_get_fif</name></module>
            <module><name>aamod_meg_maxfilt</name></module>
            <module><name>aamod_meg_convert</name></module>
            <module><name>aamod_meg_denoise_ICA_1</name></module>
            <module><name>aamod_meg_denoise_ICA_2_applytrajectory</name></module>
            <module><name>aamod_meg_epochs</name></module>
            <module><name>aamod_meg_average</name></module>
        </main>
    </tasklist>
</aap>